,,,,
,Ano,Valor Presente,Valor Futuro,Acumulado
,0,"-3000,00",,"-3000,00"
,1,"1100,00","982,14","-2017,86"
,2,"1200,00","956,63","-1061,22"
,3,"1300,00","925,31","-135,91"
,4,"1400,00","889,73","753,82"
,5,"1500,00","851,14","1604,96"
,6,"1600,00","810,61","2415,57"
,7,"1700,00","768,99","3184,56"
,8,"1800,00","726,99","3911,55"
,9,"1900,00","685,16","4596,71"
,10,"2000,00","643,95","5240,65"
,11,"2100,00","603,70","5844,35"
,12,"2200,00","564,69","6409,04"
,13,"2300,00","527,10","6936,14"
,14,"2400,00","491,09","7427,23"
,15,"2500,00","456,74","7883,97"
,16,"2600,00","424,12","8308,08"
,17,"2700,00","393,24","8701,32"
,18,"2800,00","364,11","9065,43"
,19,"2900,00","336,71","9402,14"
,20,"3000,00","311,00","9713,14"
,21,"3100,00","286,93","10000,08"
,22,"3200,00","264,46","10264,54"
,23,"3300,00","243,50","10508,04"
,24,"3400,00","224,00","10732,04"
,25,"3500,00","205,88","10937,92"
,26,"3600,00","189,07","11126,99"
,27,"3700,00","173,51","11300,50"
,28,"3800,00","159,10","11459,60"
,29,"3900,00","145,79","11605,40"
,30,"4000,00","133,51","11738,91"
,31,"4100,00","122,19","11861,09"
,32,"4200,00","111,76","11972,85"
,33,"4300,00","102,16","12075,01"
,34,"4400,00","93,33","12168,34"
,35,"4500,00","85,23","12253,57"
,36,"4600,00","77,79","12331,36"
,37,"4700,00","70,96","12402,32"
,38,"4800,00","64,71","12467,03"
,39,"4900,00","58,98","12526,01"
,40,"5000,00","53,73","12579,74"
,41,"5100,00","48,94","12628,68"
,42,"5200,00","44,55","12673,23"
,43,"5300,00","40,54","12713,77"
,44,"5400,00","36,88","12750,65"
,45,"5500,00","33,54","12784,19"
,46,"5600,00","30,49","12814,68"
,47,"5700,00","27,71","12842,39"
,48,"5800,00","25,17","12867,56"
,49,"5900,00","22,86","12890,43"
,50,"6000,00","20,76","12911,19"